t,strike,mkt_price
1,0.0646,0.0408
2,0.0656,0.0456
3,0.0658,0.0449
4,0.0660,0.0464
5,0.0659,0.0447
6,0.0659,0.0447
7,0.0659,0.0447
8,0.0660,0.0394
9,0.0661,0.0381
10,0.0662,0.0371
11,0.0663,0.0432
12,0.0661,0.0417
13,0.0661,0.0417
14,0.0661,0.0417
15,0.0663,0.0413
16,0.0662,0.0416
17,0.0664,0.0436
18,0.0664,0.0432
19,0.0666,0.0425
20,0.0664,0.0427